id,email,firstname,lastname,createdat
user1,user1@example.com,Amber,Watkins,2025-01-02T12:00:00Z
user2,user2@example.com,Christopher,Dennis,2025-01-03T12:00:00Z
user3,user3@example.com,Cynthia,Moore,2025-01-04T12:00:00Z
user4,user4@example.com,Jason,Tran,2025-01-05T12:00:00Z
user5,user5@example.com,Cheryl,Arellano,2025-01-06T12:00:00Z
user6,user6@example.com,Adam,Smith,2025-01-07T12:00:00Z
user7,user7@example.com,Steven,Parker,2025-01-08T12:00:00Z
user8,user8@example.com,David,Collins,2025-01-09T12:00:00Z
user9,user9@example.com,Savannah,King,2025-01-10T12:00:00Z
user10,user10@example.com,Sherri,Jones,2025-01-11T12:00:00Z
user11,user11@example.com,Kevin,Harris,2025-01-12T12:00:00Z
user12,user12@example.com,Taylor,Price,2025-01-13T12:00:00Z
user13,user13@example.com,Ryan,Rowe,2025-01-14T12:00:00Z
user14,user14@example.com,Madison,Johnson,2025-01-15T12:00:00Z
user15,user15@example.com,Jesse,Hammond,2025-01-16T12:00:00Z
user16,user16@example.com,Nicole,Vaughn,2025-01-17T12:00:00Z
user17,user17@example.com,Chad,Hunter,2025-01-18T12:00:00Z
user18,user18@example.com,Brittany,Garcia,2025-01-19T12:00:00Z
user19,user19@example.com,David,Dunn,2025-01-20T12:00:00Z
user20,user20@example.com,Dustin,Burke,2025-01-21T12:00:00Z
user21,user21@example.com,Jerry,White,2025-01-22T12:00:00Z
user22,user22@example.com,Lisa,Weber,2025-01-23T12:00:00Z
user23,user23@example.com,Sara,Roy,2025-01-24T12:00:00Z
user24,user24@example.com,Brian,Lloyd,2025-01-25T12:00:00Z
user25,user25@example.com,Elizabeth,Sanford,2025-01-26T12:00:00Z
user26,user26@example.com,George,Smith,2025-01-27T12:00:00Z
user27,user27@example.com,Emily,Mcmillan,2025-01-28T12:00:00Z
user28,user28@example.com,Lucas,Andrews,2025-01-29T12:00:00Z
user29,user29@example.com,Matthew,Farrell,2025-01-30T12:00:00Z
user30,user30@example.com,John,Orozco,2025-01-31T12:00:00Z
user31,user31@example.com,Joseph,Martinez,2025-02-01T12:00:00Z
user32,user32@example.com,David,Smith,2025-02-02T12:00:00Z
user33,user33@example.com,Elizabeth,Foster,2025-02-03T12:00:00Z
user34,user34@example.com,Mark,Mcneil,2025-02-04T12:00:00Z
user35,user35@example.com,Tracy,Cole,2025-02-05T12:00:00Z
user36,user36@example.com,Bryan,Moyer,2025-02-06T12:00:00Z
user37,user37@example.com,Jennifer,Williams,2025-02-07T12:00:00Z
user38,user38@example.com,Robert,Andrews,2025-02-08T12:00:00Z
user39,user39@example.com,Melissa,Peterson,2025-02-09T12:00:00Z
user40,user40@example.com,Timothy,Jimenez,2025-02-10T12:00:00Z
user41,user41@example.com,Savannah,Caldwell,2025-02-11T12:00:00Z
user42,user42@example.com,Amanda,Waters,2025-02-12T12:00:00Z
user43,user43@example.com,Gina,Garcia,2025-02-13T12:00:00Z
user44,user44@example.com,Andrew,Garcia,2025-02-14T12:00:00Z
user45,user45@example.com,Jenna,Gutierrez,2025-02-15T12:00:00Z
user46,user46@example.com,Lindsay,Torres,2025-02-16T12:00:00Z
user47,user47@example.com,Antonio,Perkins,2025-02-17T12:00:00Z
user48,user48@example.com,April,Thompson,2025-02-18T12:00:00Z
user49,user49@example.com,Mary,Trevino,2025-02-19T12:00:00Z
user50,user50@example.com,Jeffery,Larson,2025-02-20T12:00:00Z
